// 1 (A)
CREATE USER U1 IDENTIFIED BY TEST123;
GRANT ALL PRIVILEGES TO U1;

// 1 (B)
CONN U1/TEST123
CREATE TABLE T1 (
	ID NUMBER,
    NAME VARCHAR2(25),
    CONSTRAINT PK_SID PRIMARY KEY(ID)
);
INSERT INTO T1 VALUES(1, 'ISHRAK');
INSERT INTO T1 VALUES(2, 'ISHFAR');
INSERT INTO T1 VALUES(3, 'SHAKLEEN');
DISC;

// 1 (C)
CREATE PUBLIC SYNONYM S1 FOR U1.T1;

// 1 (D)
CREATE USER U2 IDENTIFIED BY TEST123;
GRANT ALL PRIVILEGES TO U2;

// 1 (E)
CONN U2/TEST123
SELECT * FROM S1;

// 2 (A)
CREATE TABLE TEACHERS (
    T_ID NUMBER,
    NAME VARCHAR2(25),
    CONSTRAINT PK_TID PRIMARY KEY(T_ID)
);
CREATE TABLE ASSISTANTS (
    A_ID NUMBER,
    T_ID NUMBER UNIQUE,
    NAME VARCHAR2(25),
    CONSTRAINT PK_AID PRIMARY KEY(A_ID),
    CONSTRAINT FK_TID FOREIGN KEY(T_ID) REFERENCES TEACHERS
);
INSERT INTO TEACHERS VALUES (1, 'ARMK');
INSERT INTO TEACHERS VALUES (2, 'KH');
INSERT INTO TEACHERS VALUES (3, 'MAM');
INSERT INTO ASSISTANTS VALUES (1, 1, 'Sadaf vai');
INSERT INTO ASSISTANTS VALUES (2, 2, 'Talha vai');
INSERT INTO ASSISTANTS VALUES (3, 3, 'Bakhtiar vai');
SELECT T.NAME TEACHER, A.NAME ASSISTANT 
FROM TEACHERS T, ASSISTANTS A 
WHERE A.T_ID = T.T_ID;

// 2 (B)
CREATE TABLE COURSES (
    C_ID NUMBER,
    T_ID NUMBER,
    NAME VARCHAR2(25),
    CONSTRAINT PK_CID PRIMARY KEY(C_ID),
    CONSTRAINT FK_C_TID FOREIGN KEY(T_ID) REFERENCES TEACHERS
);
INSERT INTO COURSES VALUES (1, 2, 'ALGORITHM');
INSERT INTO COURSES VALUES (2, 1, 'DBMS');
INSERT INTO COURSES VALUES (3, 1, 'RDBMS');
INSERT INTO COURSES VALUES (4, 3, 'PROBABILITY');
INSERT INTO COURSES VALUES (5, 3, 'OS');
INSERT INTO COURSES VALUES (6, 2, 'UNIX');
SELECT T.NAME TEACHER, C.NAME COURSE 
FROM TEACHERS T, COURSES C 
WHERE C.T_ID = T.T_ID;

// 2 (C)
CREATE TABLE STUDENTS (
    S_ID NUMBER,
    NAME VARCHAR2(25),
    CONSTRAINT PK_S_SID PRIMARY KEY(S_ID)
);
CREATE TABLE STUDENT_COURSE (
    S_ID NUMBER,
    C_ID NUMBER,
    CONSTRAINT FK_SC_SID FOREIGN KEY(S_ID) REFERENCES STUDENTS,
    CONSTRAINT FK_SC_CID FOREIGN KEY(C_ID) REFERENCES COURSES
);
INSERT INTO STUDENTS VALUES(1, 'ISHRAK');
INSERT INTO STUDENTS VALUES(2, 'ISHFAR');
INSERT INTO STUDENTS VALUES(3, 'SHAKLEEN');
INSERT INTO STUDENT_COURSE VALUES (1, 1);
INSERT INTO STUDENT_COURSE VALUES (1, 2);
INSERT INTO STUDENT_COURSE VALUES (1, 3);
INSERT INTO STUDENT_COURSE VALUES (2, 1);
INSERT INTO STUDENT_COURSE VALUES (2, 4);
INSERT INTO STUDENT_COURSE VALUES (2, 5);
INSERT INTO STUDENT_COURSE VALUES (3, 6);
INSERT INTO STUDENT_COURSE VALUES (3, 5);
INSERT INTO STUDENT_COURSE VALUES (3, 4);
SELECT S.NAME STUDENT_NAME, C.NAME COURSE
FROM STUDENTS S, COURSES C, STUDENT_COURSE SC
WHERE SC.S_ID = S.S_ID AND SC.C_ID = C.C_ID;

// 3
SELECT OBJECT_NAME, CREATED FROM dba_objects
WHERE OWNER = 'U1' or OWNER = 'U2'
ORDER BY CREATED;